Node1	Node2	AdamicAdar	WeightedKatz	IsEdge
38396	44262	10.5325566001	51.4425	1
36709	41623	0.668517816755	2.7075	1
32042	44873	6.56435946241	27.075	1
31446	48682	7.05695567805	24.3675	1
49601	50289	2.20404927135	9.9275	1
32602	34909	2.71797430913	9.025	1
31939	49702	4.52911112248	14.44	1
30938	50479	14.0269107813	65.8825	1
39317	43709	1.83475865303	6.3175	1
40016	51905	2.52111039451	9.9275	1
36017	43393	12.9400342729	64.0775	1
36930	44494	1.7108522933	5.415	1
35135	44496	3.61323215876	8.1225	1
36392	38656	19.4239259325	94.7625	1
41875	46003	8.09461569729	39.71	1
47379	48629	8.61340850173	40.6125	1
36626	39460	2.11217017483	9.9275	1
30999	31087	19.2324264958	89.3475	1
34509	38093	8.16565614926	33.3925	1
34543	34837	6.27333215672	31.5875	1
32508	40366	15.2289260072	60.4675	1
35604	35634	0.682373563374	2.7075	1
38077	42263	1.91541261217	4.5125	1
32038	32147	1.04428539984	2.7075	1
35387	38257	2.57890721703	10.83	1
35671	38550	5.51793065213	14.44	1
34670	40991	1.8649134617	5.415	1
32994	36376	0.849317302771	1.805	1
43636	47554	6.75135555943	27.9775	1
31120	36926	12.7394826939	52.345	1
39452	39564	4.14322199073	12.635	1
32089	41971	0.586101296003	1.805	1
37447	37950	1.75652824136	8.1225	1
35757	46317	4.72940570989	12.635	1
32626	42260	0.227559806657	0.9025	1
33624	39842	6.06077516767	28.88	1
30967	39131	1.86574491058	6.3175	1
41089	50972	2.8114355973	8.1225	1
35757	36089	7.19128371905	32.49	1
31726	40466	1.14785524514	3.61	1
34837	36392	19.1962895031	94.7625	1
36135	37269	0.860431946432	2.7075	1
42727	51510	3.38046931203	13.5375	1
34900	50380	4.26340130186	18.05	1
39955	51493	2.89303663166	10.83	1
30932	33574	2.141983829	7.22	1
41897	41913	0.956310690864	3.61	1
35384	45518	3.91726256718	14.44	1
31522	33420	2.4151606441	8.1225	1
47387	51511	0.619576845333	1.805	1
41495	45557	2.94248293995	12.635	1
37113	39234	2.76897877765	9.9275	1
46245	48894	2.52907797226	13.5375	1
39814	41979	13.1624808898	58.6625	1
33314	41485	1.57706171786	7.22	1
44549	51947	2.22939845849	7.22	1
43758	47527	3.96241635753	14.44	1
31394	33264	3.55226003514	11.7325	1
43456	48090	5.10508872849	19.855	1
47159	49397	3.99510119689	14.44	1
37653	47402	1.96804964993	8.1225	1
31952	36895	2.54147424683	12.635	1
45066	48459	3.1919526526	6.3175	1
32493	41272	3.5747086878	12.635	1
36403	45236	6.3885332518	28.88	1
35390	40604	11.7606699313	55.0525	1
41271	46666	6.86913708853	28.88	1
47338	50258	2.4485891888	5.415	1
38341	39835	3.31988462293	7.22	1
39048	42878	4.20841617897	18.05	1
37985	40445	3.2263117504	10.83	1
34307	36572	1.67380459588	9.025	1
37981	40713	1.54636611639	3.61	1
33964	42939	2.91337553171	15.3425	1
44972	45412	1.82047845325	1.805	1
33357	37296	12.0403510056	61.37	1
44122	51251	0.819596099568	2.7075	1
39031	49118	0.766983211647	1.805	1
46245	51581	10.5216347802	46.93	1
34023	41222	2.80174311032	14.44	1
40115	45887	1.29003942627	5.415	1
31378	34711	1.8806334531	4.5125	1
34837	38877	7.72650166397	33.3925	1
47534	48568	7.3732112534	32.49	1
34058	34103	2.07622938765	9.9275	1
39449	43634	2.23649145142	5.415	1
38811	43863	1.74962271732	2.7075	1
35188	51359	5.89165267967	26.1725	1
31479	50125	1.46841059259	3.61	1
45326	48508	0.84143951679	1.805	1
31446	39288	14.8709399178	72.2	1
32048	35156	2.70564708805	11.7325	1
45994	50601	2.51503695608	8.1225	1
33714	45148	3.04840928245	9.9275	1
31428	36120	4.44982446444	21.66	1
31820	34456	0	0.0	1
36228	38968	0.410475452744	1.805	1
41271	48073	0.52754432296	2.7075	1
42937	51763	2.11469520212	3.61	1
49265	49418	7.7559037166	37.905	1
39103	40636	11.8259054064	55.0525	1
30923	31197	0.536433482389	2.7075	1
43023	50354	4.91181093749	18.05	1
45944	51848	7.44311139365	33.3925	1
34675	46374	2.57877303542	6.3175	1
34948	35174	4.03982427388	21.66	1
43882	51631	3.67059645928	11.7325	1
47427	48958	3.19739337592	8.1225	1
31428	51924	6.48661803642	26.1725	1
37422	44280	11.4299734426	55.0525	1
35000	46181	4.84066134624	18.05	1
32201	50614	12.0183354827	50.54	1
36207	43986	4.18447065411	15.3425	1
32783	37984	11.8582799171	53.2475	1
47732	49378	2.60548147099	13.5375	1
38088	43649	4.37426778054	21.66	1
42563	46679	1.44269504089	0.9025	1
36461	48682	4.95225285929	18.05	1
43284	46839	2.20606710391	8.1225	1
33561	35857	1.29327044561	5.415	1
34682	44880	5.65760942981	19.855	1
36296	51705	3.97628588493	16.245	1
42937	48557	8.77732358907	28.88	1
31700	37781	0.87672505087	3.61	1
38600	41119	4.87519233675	24.3675	1
42937	45382	2.5873163429	12.635	1
34768	47430	2.80189856757	9.9275	1
31446	41899	3.09009849431	11.7325	1
37503	42404	1.33437856954	3.61	1
39834	42919	6.01788889566	31.5875	1
35188	36897	3.77179110969	13.5375	1
35106	47395	2.65332321718	7.22	1
49894	51157	1.82047845325	1.805	1
31093	42515	2.0677845863	7.22	1
31287	34409	1.56925586336	4.5125	1
41271	43279	2.79095079109	9.9275	1
31902	51661	0.868588963807	1.805	1
33952	40559	3.18035139834	11.7325	1
34195	48570	2.60929324707	9.025	1
30999	32613	1.70265179775	5.415	1
37899	50560	1.21131682621	2.7075	1
33292	38742	1.09088530086	5.415	1
36926	41875	10.9219738218	55.955	1
43160	45797	0.783528977357	3.61	1
43807	46296	4.75333642686	19.855	1
46146	49636	4.91780822433	18.05	1
40052	47946	2.98134882869	8.1225	1
46595	51752	3.00762174034	8.1225	1
37850	46969	4.80974378732	24.3675	1
37890	45024	4.32174605806	18.05	1
33887	51413	2.77741284076	12.635	1
31158	48645	18.6177519398	92.9575	1
47307	50821	1.98143044286	9.025	1
35121	41451	2.09865201698	9.025	1
39608	45344	8.18163734904	38.8075	1
42835	47224	5.13499626852	16.245	1
33715	37043	1.09624293965	4.5125	1
40604	49009	2.1833241789	8.1225	1
32166	39349	2.38438676027	5.415	1
35334	41355	6.99465464483	36.1	1
45645	48014	5.79838424423	16.245	1
44706	49342	4.76499734554	14.44	1
34045	38578	0.341523473189	1.805	1
38467	39973	3.24018147512	11.7325	1
38824	40485	3.69417726048	13.5375	1
41231	42801	3.79945372233	13.5375	1
31952	47805	6.29260785424	30.685	1
32090	32151	9.31520395514	37.905	1
38460	41451	2.46223597309	10.83	1
31968	41642	2.50594932924	6.3175	1
34358	48319	0.912547883859	2.7075	1
47960	51345	5.18074170778	21.66	1
37657	49516	3.0543371048	14.44	1
32956	45079	2.5892833968	10.83	1
30864	39344	1.44269504089	0.9025	1
34035	43646	1.06184464933	2.7075	1
38125	49996	4.61410246685	23.465	1
51345	51933	4.01061423161	15.3425	1
31680	34323	2.98246280578	9.9275	1
36654	47976	4.72934684757	16.245	1
38295	42351	1.62592341406	5.415	1
43570	44873	3.28066857403	12.635	1
41219	42122	0.829078901962	3.61	1
39139	42077	1.54518356194	5.415	1
34467	46026	1.66179060724	4.5125	1
36322	51516	2.7769789016	8.1225	1
43625	43915	7.24912786606	30.685	1
30839	37391	4.82029497309	22.5625	1
33406	37326	2.46552296475	5.415	1
34837	37350	0.410252118631	1.805	1
40624	47064	1.95440932194	5.415	1
41886	43751	4.93746201132	16.245	1
48957	50439	6.39604340441	27.075	1
31259	47135	2.46576062923	9.025	1
37438	40798	3.11768780953	15.3425	1
45241	47759	3.85544758979	16.245	1
33632	41051	1.85267503329	8.1225	1
36457	38894	7.77968917578	37.905	1
39608	44516	2.04585215441	8.1225	1
34761	42305	0.942509014395	2.7075	1
37393	38455	0	0.0	1
35274	42493	3.29081138932	13.5375	1
34027	34946	4.98422651766	21.66	1
42279	42299	4.9630516457	17.1475	1
44609	51336	1.55634797117	5.415	1
48238	48284	2.35444607403	7.22	1
32264	40995	1.63254231222	7.22	1
36626	37667	10.4915772092	48.735	1
35690	36809	6.17450100793	29.7825	1
36457	37194	8.31973463085	42.4175	1
33153	43703	3.49962657098	17.1475	1
35188	51025	1.45279367746	4.5125	1
42515	42523	3.60968701068	13.5375	1
33475	41018	1.17544949045	4.5125	1
45609	50435	5.93492674222	26.1725	1
31662	32725	3.33001294867	11.7325	1
39375	47826	3.95760475534	18.9525	1
40614	42392	2.9000126733	14.44	1
42593	49907	4.73436502052	25.27	1
43861	51581	10.4654566151	43.32	1
32186	40513	1.34958671016	3.61	1
33732	39814	28.5688021707	128.155	1
33632	39651	17.6845696643	85.7375	1
47031	51817	3.14676007073	10.83	1
41361	44288	2.46308590066	9.025	1
33952	50385	8.44486597625	39.71	1
36001	50918	1.65944481041	4.5125	1
36403	40133	4.13317498266	18.9525	1
36120	37999	3.22581618653	17.1475	1
33479	44722	6.40132815585	25.27	1
44041	48124	1.85972743231	2.7075	1
33644	34944	24.455147819	120.935	1
43863	44735	1.74962271732	2.7075	1
38396	49245	3.0362516012	12.635	1
43278	49627	5.18075051425	18.05	1
37043	42448	0.678317624769	2.7075	1
41271	50404	6.20776867523	26.1725	1
47530	47847	2.79055313276	4.5125	1
38769	47387	3.25456872209	7.22	1
33715	36756	0.99808076419	5.415	1
39649	46183	2.58833086923	12.635	1
35690	51738	1.65679249055	9.025	1
48059	51023	3.19739337592	8.1225	1
33860	35609	0.778777712321	3.61	1
36670	44061	4.18513307136	18.9525	1
40235	40901	9.56183799471	46.93	1
33646	51143	3.20054750248	9.025	1
41733	45077	4.20263683592	17.1475	1
35545	39704	1.97011418829	7.22	1
32783	36403	37.0770421617	165.1575	1
31148	41232	1.388761748	5.415	1
36710	38840	1.9101905197	5.415	1
42664	43210	5.24944701633	17.1475	1
36578	42770	2.73058139631	7.22	1
43377	47697	2.71334085317	4.5125	1
42139	46798	2.48533973824	3.61	1
33420	35571	1.23869796538	1.805	1
35182	36392	2.16528342885	11.7325	1
34949	47739	4.6265077239	15.3425	1
37045	40462	1.8321080054	6.3175	1
38339	42642	1.3591068463	3.61	1
34059	40445	10.363695271	38.8075	1
46003	50330	3.21990677648	14.44	1
45944	47161	8.03319884551	39.71	1
35819	37209	1.49939458903	5.415	1
31541	39387	2.11678981726	6.3175	1
32055	34180	2.01704389531	4.5125	1
36094	40790	3.19264210366	16.245	1
36380	41859	2.94448124897	16.245	1
36910	40941	1.95933284591	8.1225	1
44083	46150	2.294386456	10.83	1
31046	37749	1.51775707705	5.415	1
36777	40270	6.49531937508	30.685	1
39173	50319	4.10411157087	15.3425	1
30906	49270	3.84940286428	18.9525	1
40093	40314	2.97788784037	7.22	1
45076	48604	2.13423193978	5.415	1
35390	50241	2.22832390029	6.3175	1
31963	40061	0	0.0	1
32052	39174	6.73119301883	33.3925	1
33817	39056	2.78821822221	11.7325	1
36978	40322	0.928117931938	1.805	1
47568	47655	6.70542397867	31.5875	1
37643	41267	10.9044493493	55.955	1
33732	42084	2.81609305936	11.7325	1
45800	46174	3.83527069659	14.44	1
31479	44145	4.46066671357	22.5625	1
30993	35156	4.86627831782	20.7575	1
40040	43802	1.69703953726	4.5125	1
36094	45297	2.51582961434	7.22	1
33957	36145	1.44269504089	0.9025	1
40493	41353	2.29775810164	7.22	1
41271	50566	4.79336591037	21.66	1
34059	36809	9.81023262984	48.735	1
33631	48716	2.91553385403	13.5375	1
36654	41355	7.94149116145	38.8075	1
35390	49376	6.14574391265	29.7825	1
36173	41220	4.49895867637	19.855	1
31984	40611	0.644252252274	1.805	1
40798	49678	2.02207529823	7.22	1
34694	46382	4.24506569458	17.1475	1
34083	41819	0.233826997986	0.9025	1
31279	41986	3.70057702669	16.245	1
34949	41875	5.66849322547	27.075	1
43046	49673	5.88310029973	21.66	1
36140	51905	10.0860509309	47.8325	1
34010	39665	3.72068533092	12.635	1
35513	44828	2.65571120463	9.025	1
32718	36207	14.3903980657	71.2975	1
31087	34586	0.353171003157	1.805	1
31772	40084	4.20165232579	16.245	1
32151	34082	7.57899670936	37.0025	1
36494	38741	3.22854472959	10.83	1
36068	41997	4.69057306105	22.5625	1
32678	42433	8.99771698449	35.1975	1
32719	36584	0.800122062032	3.61	1
33979	49342	2.76666106957	9.9275	1
36262	42756	1.36129695898	4.5125	1
33769	38093	0.892383818755	2.7075	1
31162	42934	1.99761956558	6.3175	1
31395	42727	5.7880699614	27.075	1
31684	33245	1.59082226966	6.3175	1
31913	35662	1.44269504089	0.9025	1
49124	49516	16.0463967986	78.5175	1
32151	51087	6.20076924939	27.075	1
48542	50479	5.81653607883	27.9775	1
34120	38278	4.25023770529	12.635	1
34738	34765	0.897930738387	1.805	1
33528	41968	6.38140116878	34.295	1
47609	48296	0.417032391424	0.9025	1
45344	49452	3.82096577848	12.635	1
40083	49684	7.10638650486	26.1725	1
33632	44207	2.95443382668	9.9275	1
34860	39791	3.79664104652	18.9525	1
31745	39632	4.72629339639	22.5625	1
37232	43427	6.08116276851	24.3675	1
38842	42962	0.352956123865	0.9025	1
32897	38664	2.30797364829	9.025	1
34111	42102	4.01548879651	15.3425	1
32192	34792	49.4488398215	224.7225	1
46714	47392	0.918157714037	4.5125	1
37958	44965	3.78815080192	15.3425	1
32508	43179	7.04961210546	31.5875	1
38739	43350	5.33821995588	27.9775	1
37422	50772	14.4754653068	67.6875	1
31662	33219	6.04341968847	27.9775	1
42644	51158	1.41946193792	6.3175	1
40133	48542	2.64543860955	12.635	1
42650	48186	3.85418482739	15.3425	1
44758	48606	3.54456747918	10.83	1
50122	51231	7.89537454047	34.295	1
35957	40072	1.27216860322	6.3175	1
37207	38818	2.1391250581	7.22	1
48950	50897	5.38599488704	21.66	1
31968	34630	1.99310021556	6.3175	1
45728	46676	10.4558009002	43.32	1
33499	40107	1.53746081116	6.3175	1
49073	49342	1.80769974033	4.5125	1
50274	50320	13.0878561862	60.4675	1
37290	49977	16.1487064131	79.42	1
34619	51490	4.02551651696	13.5375	1
34169	34200	1.6269233907	5.415	1
33398	33427	0.687165292282	1.805	1
34955	35077	0.697525813161	3.61	1
49516	51581	15.2451646601	76.7125	1
41962	42514	1.65164560834	5.415	1
33122	39347	1.91512056066	6.3175	1
30906	48493	8.32663739977	37.905	1
39525	45699	2.83233151404	13.5375	1
44061	51381	4.90883864187	22.5625	1
31718	37667	5.32600414036	26.1725	1
33411	40602	0.622407688569	2.7075	1
42652	42887	0.763630490241	3.61	1
39835	40809	1.83986764405	3.61	1
33809	36173	14.4827230061	70.395	1
34841	47972	4.09847137523	9.9275	1
32151	43801	22.7787072564	111.91	1
44866	49044	4.38473210892	18.05	1
33081	33839	1.20336533483	5.415	1
48438	51112	2.46121513964	7.22	1
33809	42407	5.78768860901	26.1725	1
33553	38093	3.75755131987	14.44	1
42426	45107	3.11163699404	8.1225	1
32508	39947	8.83727080986	43.32	1
38436	50066	2.41620016596	7.22	1
40602	48916	1.9471720544	4.5125	1
43269	43742	4.7876549831	17.1475	1
32033	37553	0.388374283813	1.805	1
32090	40235	6.04572608521	26.1725	1
40314	41021	1.33865798663	4.5125	1
42650	43856	6.0213919164	25.27	1
36120	48568	14.0935603826	70.395	1
38927	41039	4.70405052981	14.44	1
44021	47769	3.54807121977	9.9275	1
38024	48477	2.16404256133	2.7075	1
36574	36757	2.21860406517	9.025	1
34955	44401	2.81837842501	9.9275	1
37918	51903	2.76224338596	5.415	1
33461	40534	2.06166556426	9.025	1
30962	41267	1.47692552375	6.3175	1
38064	39486	0.32153221503	1.805	1
31982	34883	4.67692029685	21.66	1
33770	36339	14.6006531149	70.395	1
39632	44005	4.62855307877	24.3675	1
43546	48004	2.18690413312	4.5125	1
31104	35703	0	0.0	1
48167	50907	2.11993126729	8.1225	1
32813	34954	4.97567788966	21.66	1
41028	41334	2.1602048429	9.9275	1
41722	49871	7.19158954482	34.295	1
43950	46256	6.71816027247	23.465	1
33260	39023	1.38004777836	4.5125	1
31661	42188	1.587332375	6.3175	1
34954	47542	7.57490630643	36.1	1
31036	37079	2.35251152453	4.5125	1
35276	49764	3.82033211149	8.1225	1
42426	50023	3.94931980477	15.3425	1
32490	35832	0.587616400854	1.805	1
36457	46751	1.87131164029	7.22	1
38869	50931	1.05828639346	1.805	1
45085	47987	5.38905591501	13.5375	1
47739	48573	3.60720180189	11.7325	1
34792	45596	6.14041901112	23.465	1
30999	41722	24.2465283489	111.91	1
35987	41579	2.04615924209	6.3175	1
40445	40529	2.88283769737	15.3425	1
31727	37275	0.467536139636	1.805	1
48433	48754	10.5936032565	44.2225	1
48109	50192	4.53265275634	18.9525	1
34944	51813	3.71681593095	17.1475	1
41412	41485	0.24733794695	0.9025	1
32508	34696	21.4898733417	95.665	1
32090	34059	9.52972522055	41.515	1
33624	35513	15.4344130442	74.005	1
33357	44145	2.79094519205	14.44	1
41495	45150	0.585224230617	2.7075	1
33584	39922	1.92635643776	5.415	1
33800	42621	2.7572279846	9.025	1
37850	50143	3.13632020645	13.5375	1
39780	42511	4.52532967226	18.9525	1
34334	40839	0.79773372502	2.7075	1
41271	44167	15.5864985925	72.2	1
34837	44844	5.05219391881	26.1725	1
32008	45944	6.58613879598	28.88	1
31855	35188	1.29834638678	4.5125	1
31962	43522	6.71449015194	24.3675	1
35757	39613	2.90911798321	10.83	1
47732	50489	9.29946625711	44.2225	1
38382	39375	0.517951070553	2.7075	1
43184	49139	8.32570231001	39.71	1
41271	51925	17.1783046132	77.615	1
42467	45060	2.61604109281	9.9275	1
32508	33887	3.78580546024	17.1475	1
31087	42726	1.27206288757	3.61	1
34716	47365	6.46562926584	28.88	1
45097	50795	2.67260501013	7.22	1
33236	40556	5.55743364799	25.27	1
39814	49705	3.43997195109	17.1475	1
38023	42149	4.22502562867	22.5625	1
44578	47166	5.18296082057	21.66	1
33383	38534	3.60536572323	13.5375	1
38229	40235	1.73970781076	4.5125	1
41503	43762	1.90635396722	8.1225	1
34421	40845	0.477223987889	1.805	1
35610	36860	2.36813047544	8.1225	1
45204	47148	12.6415517357	58.6625	1
32718	50108	6.69560449996	30.685	1
31084	33838	1.75741562627	7.22	1
36941	51581	20.9995429898	95.665	1
32186	40371	1.56080523261	5.415	1
36398	37775	10.9779156599	50.54	1
31446	45031	6.71382993351	29.7825	1
31546	47570	3.29716589361	9.9275	1
34948	41563	8.23739262409	38.8075	1
34682	42392	22.5705078088	110.105	1
41222	51120	1.83823679936	8.1225	1
33624	36403	20.3032900937	88.445	1
31485	48738	5.22121718111	16.245	1
35390	40502	11.8159757347	52.345	1
31312	33573	2.13002996626	3.61	1
36017	39955	5.19653918504	25.27	1
47805	47826	3.77300442234	17.1475	1
41195	45346	4.68561223173	13.5375	1
40462	41256	8.99850264364	46.93	1
35513	51911	3.69149845423	9.9275	1
37804	38308	2.16484974292	4.5125	1
37290	48650	2.55280176772	14.44	1
30910	37090	2.43293587249	7.22	1
31581	33008	4.22481887101	18.05	1
35274	46845	2.02809682038	7.22	1
41487	43045	2.74966593062	6.3175	1
34682	50666	3.00774349517	14.44	1
37232	45797	8.55307973358	40.6125	1
46107	51093	1.82047845325	1.805	1
31270	36926	21.4894187095	103.7875	1
31479	42022	13.629252393	69.4925	1
35488	37775	3.047941793	15.3425	1
36941	42824	7.90229859329	37.905	1
39340	48060	5.19798099017	18.05	1
35188	41119	8.37753684008	38.8075	1
34181	36403	4.18358120598	14.44	1
43855	46792	4.59352823816	14.44	1
30882	32089	8.29955785136	34.295	1
33014	35375	4.41000723481	16.245	1
32454	33357	9.14723282563	45.125	1
34987	35551	1.24404742732	1.805	1
37918	42152	1.88195666741	5.415	1
45027	46200	6.25268317661	29.7825	1
34169	42515	3.02509021575	11.7325	1
34718	35921	4.27343206104	19.855	1
34068	35390	9.17464055866	46.0275	1
32201	36207	38.0693808904	170.5725	1
36322	46145	2.92006670728	8.1225	1
47568	50614	6.46027413518	29.7825	1
38183	40359	3.47317643882	12.635	1
49206	49246	3.83967195428	11.7325	1
45669	46255	2.62351104651	11.7325	1
41018	44117	4.35913991644	14.44	1
32493	38791	2.46788078318	7.22	1
50273	51547	12.255702607	53.2475	1
35371	45550	3.44908753308	11.7325	1
38726	39192	0.773163206864	3.61	1
42937	45204	31.4007309031	136.2775	1
34860	37193	3.32167547767	17.1475	1
43524	45722	7.65191173317	26.1725	1
31230	33556	0.515093412049	1.805	1
40614	41540	4.44700341555	18.9525	1
32186	39897	2.34491443797	5.415	1
33646	34948	41.2061544144	194.94	1
35215	35830	1.98039716945	3.61	1
48935	51348	5.83626600326	24.3675	1
32328	35656	1.82358080197	2.7075	1
35690	42120	4.69268624656	21.66	1
36867	43840	3.38167358891	13.5375	1
40114	44216	2.6001224902	9.025	1
40702	51924	7.86016482254	32.49	1
38976	39476	0.687340435668	2.7075	1
31479	34682	16.3354699128	81.225	1
34792	51919	3.68488059381	16.245	1
36654	36910	1.79905537466	8.1225	1
31362	39367	3.47629647324	12.635	1
31413	46626	5.43851320944	22.5625	1
33380	42489	3.21277836701	16.245	1
36083	36950	1.25827090206	4.5125	1
31514	41136	2.03290654963	5.415	1
36678	40529	2.1002957648	9.025	1
33739	41353	3.27528123126	9.9275	1
36722	38095	1.00219777592	3.61	1
36120	48773	1.18582924698	3.61	1
47451	50383	2.5510502862	9.025	1
39363	41355	2.10453749978	5.415	1
33322	39736	2.81126913318	11.7325	1
32042	40534	6.47344896736	31.5875	1
33119	37643	3.69888097945	18.05	1
31569	41974	2.30549925927	9.025	1
40636	42218	17.6119682276	82.1275	1
31106	41831	3.0405010639	9.9275	1
37466	47425	3.08304480336	10.83	1
47307	51922	8.60571699018	35.1975	1
34769	41883	1.19932893955	4.5125	1
46753	49397	2.54384354907	10.83	1
34017	41271	13.1774712191	62.2725	1
30971	40156	2.62353532939	10.83	1
45637	46608	2.2079020992	4.5125	1
35921	39565	1.87865488113	4.5125	1
33770	49070	6.89448979435	27.9775	1
36242	37391	5.17393400802	24.3675	1
33688	36901	0.199311187043	0.9025	1
38380	50794	3.11808359689	16.245	1
37296	39375	20.8094894725	102.885	1
40462	42299	18.6860943375	87.5425	1
39486	40145	6.31215462714	32.49	1
32042	41941	13.4915080092	67.6875	1
49040	51812	1.2462693993	2.7075	1
33893	49700	3.6813900928	17.1475	1
33500	40034	0.241363138309	0.9025	1
32192	46103	8.94325922673	40.6125	1
34792	43625	9.77759083149	46.0275	1
31386	39799	7.96916780273	39.71	1
38373	42448	1.62511710807	2.7075	1
32508	50106	4.92310989185	18.9525	1
34026	39325	1.53912475249	3.61	1
43725	49889	1.79763002937	4.5125	1
34800	48734	2.74485810996	14.44	1
31684	32192	5.29800457471	22.5625	1
33904	47296	4.44886432482	15.3425	1
33103	40235	0.814717405368	4.5125	1
34728	40322	3.74419790672	14.44	1
46026	47460	2.2314494791	7.22	1
30987	35334	0.741125257932	3.61	1
34145	37906	1.15133666402	2.7075	1
35304	38542	1.74361065774	3.61	1
38357	38463	1.46780145461	5.415	1
32090	40195	1.23778810788	4.5125	1
36615	49124	2.5393753191	11.7325	1
30999	48444	9.18749468795	39.71	1
43296	50143	3.64344314746	14.44	1
45077	51452	5.45429690252	23.465	1
32042	49573	10.9560739782	48.735	1
40604	46738	5.21772725391	17.1475	1
37667	40598	7.61625041659	37.0025	1
35996	44557	2.12865531633	11.7325	1
45161	45262	5.13816416703	19.855	1
31658	42650	5.95226856831	23.465	1
34062	44145	4.76208389254	22.5625	1
34261	38542	1.46509701382	4.5125	1
31617	31952	2.52100950778	7.22	1
37290	37589	0	0.0	1
38505	39172	2.25169310915	7.22	1
32074	45368	1.39113757359	1.805	1
46973	51255	1.44269504089	0.9025	1
36827	41495	2.84364800046	6.3175	1
34948	50237	3.25020870846	12.635	1
38396	45025	1.66504741202	3.61	1
40156	41437	2.30000202309	9.025	1
38859	40145	2.31840415144	11.7325	1
32456	36941	0.670215897913	2.7075	1
32989	39483	2.48240693566	9.9275	1
40624	47696	6.69328364333	30.685	1
39337	41231	1.90873331299	9.025	1
32734	33577	3.28000635911	10.83	1
45802	46303	5.10270817443	20.7575	1
39525	51873	2.45080855497	9.025	1
30999	37584	5.54723918872	27.9775	1
41722	46704	3.92712946545	10.83	1
45233	49613	4.26116194106	19.855	1
38919	40766	4.72993591435	18.05	1
45122	49241	2.76792612086	10.83	1
31357	36730	1.93201998788	9.025	1
39965	49758	3.25465945485	6.3175	1
35306	37046	3.71317143924	17.1475	1
37814	39530	9.75267400841	34.295	1
34042	46714	7.13014967258	31.5875	1
34572	41495	1.15777972234	6.3175	1
32783	41271	37.8016941691	164.255	1
49065	50587	5.41010640333	13.5375	1
32052	33229	4.3715933658	23.465	1
33937	50879	7.71836603031	26.1725	1
33911	35266	2.90142951498	9.9275	1
35891	40573	2.22258269345	5.415	1
34983	40714	7.91041907387	34.295	1
36339	45523	3.85741396831	16.245	1
44401	50241	1.89354183147	5.415	1
32201	49185	4.64876175064	21.66	1
47568	47670	9.65003127813	47.8325	1
33585	38723	0.584801574579	1.805	1
41361	49258	0.29120667622	0.9025	1
43331	47007	4.40180326943	15.3425	1
43431	51315	6.1864507534	18.05	1
47325	47413	2.96326440766	10.83	1
44328	48755	3.08339005422	5.415	1
36745	41387	1.84535595833	4.5125	1
33632	39682	1.83073885642	6.3175	1
31743	40235	4.33544493121	18.9525	1
31539	38670	2.10382827932	9.025	1
31632	38901	0.294014103795	0.9025	1
32274	33761	1.34760252069	5.415	1
39646	42508	1.49539612266	2.7075	1
42919	51352	6.06019917173	26.1725	1
31567	35156	4.52784414387	17.1475	1
36049	36089	3.13417203545	13.5375	1
32508	48568	30.2809984138	138.985	1
44545	51360	0.323515453149	0.9025	1
32117	44659	5.06537633882	21.66	1
33809	40049	3.57093032701	15.3425	1
34764	40485	1.90952380762	4.5125	1
34682	43408	16.5479117782	83.03	1
40798	41057	27.6984869431	131.765	1
48415	49272	2.86101987604	14.44	1
44625	51369	3.26172373824	10.83	1
34197	46386	3.308291005	13.5375	1
31158	32503	6.2612711495	32.49	1
37920	40651	0.285999667503	0.9025	1
33732	38055	2.60000415804	11.7325	1
31428	48570	6.84424578813	27.9775	1
43350	48645	5.47013805816	27.9775	1
36135	38086	2.50796125654	8.1225	1
39495	48792	0.405018243605	1.805	1
35375	37397	6.74548908048	31.5875	1
33937	36774	7.65191173317	26.1725	1
48069	51391	2.64617289009	5.415	1
44722	45057	3.01284718162	10.83	1
34792	47560	7.72031013768	35.1975	1
45117	45239	2.42710159347	8.1225	1
41495	43648	1.10428995744	1.805	1
34948	41599	9.4868706287	46.0275	1
44145	49013	3.60061354886	16.245	1
34629	50273	3.14819612716	11.7325	1
34059	46651	6.4359073355	22.5625	1
42937	44280	16.8640039337	80.3225	1
38116	38396	18.8024665515	83.9325	1
34982	39016	2.54504740258	8.1225	1
31746	38088	5.45952186012	21.66	1
46094	46996	4.06542648683	18.9525	1
37984	41124	0.423478700209	1.805	1
40043	42469	0	0.0	1
41057	48950	4.65348892251	21.66	1
41271	48710	31.84035451	137.18	1
47739	50143	5.36535307291	18.05	1
44284	44358	5.6012695344	14.44	1
34854	38497	6.09772079536	31.5875	1
33016	35726	2.22816381416	5.415	1
33952	45944	13.0694938162	63.175	1
44804	46539	2.71604458537	12.635	1
31124	39517	2.17732653271	8.1225	1
30999	31146	4.88177736222	21.66	1
31330	41883	2.64524228685	11.7325	1
34948	44511	14.6171127057	67.6875	1
35840	38011	1.40815329283	6.3175	1
31251	32783	4.4245729474	20.7575	1
35375	36777	6.1543594989	31.5875	1
38944	40438	0.910239226627	0.9025	1
32685	42294	1.29825241139	3.61	1
35649	41875	0	0.0	1
33770	34682	35.8555746255	162.45	1
45274	50159	2.67111903483	6.3175	1
33229	50246	6.58697245713	28.88	1
34715	36087	1.12509729152	3.61	1
36832	46387	3.31707101254	16.245	1
31270	31857	8.33763809181	41.515	1
43373	51278	5.67503155138	20.7575	1
38024	49597	2.16404256133	2.7075	1
33494	33646	2.88082255926	14.44	1
33522	35594	1.44269504089	0.9025	1
48482	51256	6.79382451612	18.9525	1
41495	48288	2.08202676535	5.415	1
46871	49139	2.06637247595	9.9275	1
35894	39614	1.4496645048	4.5125	1
31330	39016	2.52528965465	10.83	1
33439	35620	0.199575491191	0.9025	1
33589	44511	2.61185567542	9.025	1
37652	43274	7.09565129106	25.27	1
34956	38824	2.46474604142	9.025	1
40901	46552	2.04283863909	10.83	1
42229	44153	0.558110626551	0.9025	1
46758	50314	3.67015504748	12.635	1
38674	48853	4.747543455	14.44	1
37508	40040	1.53964272277	7.22	1
33700	38704	5.87920101084	16.245	1
34679	41913	2.6395920804	9.9275	1
34696	37020	5.00038344618	23.465	1
37999	45267	1.62055182612	6.3175	1
45027	50617	3.49079728632	15.3425	1
47948	48568	5.28617737111	18.9525	1
31567	40315	1.7140466218	6.3175	1
36691	43413	2.30943338038	10.83	1
38396	49635	3.17874234625	9.025	1
34064	34910	2.55198479805	8.1225	1
32296	33267	3.60355584753	14.44	1
34323	37203	2.22007825032	7.22	1
33236	48220	8.7412367376	38.8075	1
32199	47363	2.42248759081	6.3175	1
38656	41355	13.8797580559	70.395	1
33624	39662	13.2489208648	55.0525	1
36926	40490	2.98502900265	13.5375	1
31429	44549	2.47740642695	7.22	1
44579	51791	3.87442972082	14.44	1
35143	35603	2.15259564698	6.3175	1
38228	49722	7.65191173317	26.1725	1
34536	42438	2.57562233871	10.83	1
34927	35985	2.73071999528	9.9275	1
35513	46969	18.0569088137	87.5425	1
48220	48568	14.4533118282	63.175	1
44622	45094	2.80985083772	6.3175	1
36515	42427	1.75050726904	5.415	1
33574	37444	1.35940688961	5.415	1
34792	42937	70.8326254878	311.3625	1
31345	38848	2.07799990069	8.1225	1
46622	48907	4.60098289278	15.3425	1
43549	47539	0.84630617799	4.5125	1
45562	46958	5.64268807098	20.7575	1
38571	41992	2.11133382635	5.415	1
46809	49156	5.18820936365	16.245	1
33657	38474	2.4818195678	8.1225	1
34063	39375	4.54924236751	22.5625	1
36457	37827	3.5462053019	15.3425	1
34696	46100	7.87843809399	34.295	1
47786	49436	4.35810424451	9.9275	1
33528	44292	7.51729613542	27.9775	1
35386	39770	2.07839816494	6.3175	1
33039	35833	4.59383021217	13.5375	1
34054	36843	5.91754020036	20.7575	1
44557	47771	2.73715057158	11.7325	1
46996	47896	1.05010239865	4.5125	1
39814	46094	9.18783056712	41.515	1
31899	40718	1.12265484386	3.61	1
34837	45709	14.1026691078	64.0775	1
31026	50931	0.448148795332	1.805	1
47400	49175	2.80378592424	5.415	1
43482	49958	2.2803728728	4.5125	1
46969	47964	3.47459683135	16.245	1
45728	49907	9.92421076093	44.2225	1
40359	40462	3.10518371809	14.44	1
42937	51752	10.1872127054	32.49	1
33107	41271	7.70661035983	33.3925	1
36986	37667	0.2316161559	0.9025	1
36926	45448	3.06922884385	12.635	1
31926	31927	1.25621548289	1.805	1
38044	39525	2.16761070479	11.7325	1
31808	34543	1.61264441277	5.415	1
34432	35107	3.32707890719	9.9275	1
36765	37232	4.4025923455	20.7575	1
34696	45107	8.16475123446	27.9775	1
40107	43591	5.41619324383	23.465	1
51116	51740	2.45919239718	8.1225	1
34103	41106	2.39260942876	10.83	1
35890	49692	1.81782846978	6.3175	1
45099	50617	1.88194482862	8.1225	1
41097	46268	1.83256628614	2.7075	1
32303	36339	3.86495457241	18.9525	1
45198	49473	2.89967643985	14.44	1
42937	50433	3.92614562058	15.3425	1
36469	36639	0.704529225695	1.805	1
34776	37811	3.66095874919	14.44	1
34792	38961	2.77958979047	9.025	1
32192	39375	29.6372044304	139.8875	1
44534	51824	1.57004173403	3.61	1
43138	44889	3.3416758345	10.83	1
40635	48741	1.61137425731	5.415	1
32559	33624	1.18821950882	5.415	1
32345	34819	2.90181758726	14.44	1
35569	44557	6.6416770574	31.5875	1
31328	33312	2.20022789188	8.1225	1
31758	42219	1.16092962507	1.805	1
30938	31455	3.91232325268	14.44	1
44869	51429	0.763496408743	2.7075	1
32213	39840	1.25835200542	5.415	1
35306	36532	6.60947929036	28.88	1
37845	37985	2.76011112435	9.025	1
39651	39797	2.67061045172	10.83	1
45791	51738	13.1271286183	55.955	1
33461	40233	2.65844012873	9.9275	1
43416	46634	2.10982090809	5.415	1
31763	41353	3.38835249621	14.44	1
32886	42699	0.276937893409	0.9025	1
38583	40270	2.20996832856	9.9275	1
43856	46714	6.86807734998	34.295	1
34682	41792	26.4871866445	127.2525	1
31245	51424	0	0.0	1
45797	47732	9.14616211029	44.2225	1
39335	42727	3.49094148112	13.5375	1
36911	49700	2.90713430487	13.5375	1
46641	50858	1.51323560217	5.415	1
35509	50646	6.83312457483	25.27	1
30838	33439	1.30673298565	3.61	1
32470	46602	6.81929262684	25.27	1
31108	33646	1.15757717358	1.805	1
34954	48185	3.62137144198	12.635	1
38868	48559	5.88013473253	24.3675	1
44716	48568	6.44980174381	26.1725	1
34803	37410	0.941715211018	2.7075	1
36350	51917	5.49170208402	22.5625	1
47568	51021	5.66842879811	27.075	1
36352	42067	2.16704124932	5.415	1
31271	31567	1.21439106913	4.5125	1
33736	41243	0.35598386112	1.805	1
32151	51231	4.94031356674	24.3675	1
36740	43096	2.29379769313	9.9275	1
46305	49378	5.50327060151	18.05	1
31446	49669	2.97042545974	14.44	1
34696	35823	7.04636495971	32.49	1
32858	33273	0.206770411494	0.9025	1
40695	51142	2.28915049429	5.415	1
50019	51298	2.64505936186	12.635	1
49376	51566	5.65740623372	27.9775	1
33942	40532	3.05039005881	5.415	1
46141	48519	1.82047845325	1.805	1
36094	38742	4.5693881601	21.66	1
31347	33624	3.33129316959	17.1475	1
43790	49738	5.14060728209	18.05	1
32874	35101	0.9717472408	2.7075	1
44443	48617	1.42010743458	3.61	1
36372	39827	2.61175370614	11.7325	1
31228	38011	2.05679320891	4.5125	1
41563	47923	3.33640878813	11.7325	1
36725	42044	2.77322049904	11.7325	1
31386	35474	3.37746375323	15.3425	1
41480	41515	3.52762606239	12.635	1
36670	38507	2.52359277543	9.9275	1
46610	49147	4.8452949759	12.635	1
48570	50481	6.32799580737	25.27	1
33380	41979	11.4276418626	47.8325	1
32889	39235	0.471656511466	1.805	1
42692	46996	5.72505440033	23.465	1
36962	39664	1.70695241083	2.7075	1
41104	42621	3.45853264297	15.3425	1
43135	47798	3.24994968138	10.83	1
31746	37981	1.45157041056	7.22	1
34948	43350	9.89462827529	46.93	1
35538	48686	3.85620375597	11.7325	1
44117	47476	4.27373017899	14.44	1
35766	37563	1.34404854176	4.5125	1
48102	49502	3.90865033713	8.1225	1
45808	50098	4.81796079647	12.635	1
35683	44637	2.43609112668	5.415	1
33014	33630	1.9746697985	6.3175	1
31061	33122	2.16715703909	6.3175	1
48212	49933	1.44269504089	0.9025	1
32117	33736	2.86678888824	14.44	1
45270	47849	4.3689795279	18.9525	1
34059	37981	8.03846820184	34.295	1
43092	48249	2.20663121088	4.5125	1
41057	47902	5.95957017678	24.3675	1
35164	43431	6.30566610235	18.05	1
36087	40270	2.31295695845	9.025	1
43446	50892	2.0916099391	4.5125	1
35018	46410	3.40316011139	14.44	1
37672	41779	0.683862639801	2.7075	1
35890	48713	2.09159755221	7.22	1
31880	44486	2.87138674301	5.415	1
31120	31541	1.14926031793	6.3175	1
41271	46396	23.8114865807	109.2025	1
34718	35513	11.4063461917	55.955	1
36239	37359	0	0.0	1
34206	38396	3.23087241787	13.5375	1
45638	50698	4.69035543867	16.245	1
31746	36910	2.03100336727	8.1225	1
31446	50022	2.59577770227	7.22	1
34948	42749	1.85488381147	8.1225	1
30999	50719	5.06302736024	26.1725	1
34059	50255	1.66102924322	6.3175	1
31837	40235	13.1143545389	58.6625	1
43208	46199	3.80283795796	11.7325	1
38396	43408	13.4045413208	68.59	1
33897	43067	1.25181928507	2.7075	1
31365	38338	3.65085945657	10.83	1
46312	51378	7.00273090355	25.27	1
32928	33393	3.27053908025	10.83	1
31012	40636	3.2429357826	11.7325	1
37486	37811	2.91704421406	13.5375	1
37718	40604	6.03073279693	20.7575	1
34509	35751	6.01621927079	22.5625	1
35390	44332	14.2496606078	64.98	1
47943	49672	6.58432052373	23.465	1
46548	49573	1.81081820286	5.415	1
34117	34900	3.04639046776	10.83	1
32042	34837	24.5414025008	120.935	1
35967	42581	1.07109870264	1.805	1
35747	36705	5.12327947524	18.9525	1
34792	49696	3.89282066096	12.635	1
38396	41337	4.94217183968	17.1475	1
47346	51315	6.1864507534	18.05	1
33380	45817	2.17716300656	5.415	1
36459	46906	1.44269504089	0.9025	1
31837	42299	10.4967103928	47.8325	1
37822	41057	15.1341001947	59.565	1
34012	40270	5.12571320134	25.27	1
47977	50319	3.97087952843	15.3425	1
30868	47500	10.441195708	43.32	1
43135	46094	6.97880753607	32.49	1
35895	41186	6.27987595342	26.1725	1
34174	34205	2.79225263009	11.7325	1
37211	40790	1.5641274054	8.1225	1
33023	33844	1.44269504089	0.9025	1
41210	42313	6.11488710618	19.855	1
32371	34062	4.57761563478	20.7575	1
31525	42511	2.44984615374	8.1225	1
39799	51567	1.57950507477	6.3175	1
32119	36832	1.2795085997	1.805	1
38772	42319	3.8650836783	9.9275	1
32897	33364	4.86063256256	20.7575	1
41271	43592	2.10989421457	8.1225	1
43706	43983	1.15978174126	1.805	1
34437	45077	16.2978856777	63.175	1
42692	48143	2.77505860149	9.025	1
32780	34088	0.605800133117	2.7075	1
45523	46065	3.34854215221	13.5375	1
33209	40598	2.41673384005	7.22	1
31188	36602	1.23375467978	1.805	1
37447	40790	6.55608291651	28.88	1
32435	34092	3.92472709511	18.05	1
36814	39530	3.71661859882	16.245	1
38626	39261	2.44656700074	12.635	1
34900	35375	10.2408745681	49.6375	1
37072	37694	3.90865033713	8.1225	1
31769	40145	1.04118495732	4.5125	1
34093	35375	2.39167571259	11.7325	1
33845	35416	0.189461590845	0.9025	1
37397	38013	2.92119360382	13.5375	1
49108	49990	4.76366272579	18.05	1
38870	38919	0.774328113739	1.805	1
38650	50667	3.03191352354	13.5375	1
31023	34038	0.709064701381	2.7075	1
35454	47078	3.35658339815	12.635	1
39915	48568	4.88013254265	21.66	1
45027	49912	2.74440235563	11.7325	1
44394	45233	6.44793324827	23.465	1
34948	43582	6.73521859802	31.5875	1
30901	34408	0.810076113281	2.7075	1
34720	47742	4.1319547847	14.44	1
45551	51054	3.08339005422	5.415	1
33795	39362	3.43435596782	9.9275	1
31640	45632	6.84718666455	27.9775	1
42181	49771	3.2733499578	7.22	1
44889	45482	4.2810967532	14.44	1
43558	50349	2.94394154983	9.9275	1
39500	41806	2.36941266629	6.3175	1
34845	38591	3.31689486441	9.9275	1
31716	38706	1.602691591	6.3175	1
36861	47537	3.42038938869	13.5375	1
45398	33636	0	0.0	0
41587	51042	0	0.0	0
33909	44936	0	0.0	0
38624	34133	0	0.0	0
49357	38954	0	0.0	0
51565	46534	0	0.0	0
44809	39606	0	0.0	0
48916	39655	0	0.0	0
51817	39779	0	0.0	0
43944	51648	0	0.0	0
37634	38417	0	0.0	0
38137	51379	0	0.0	0
31191	42513	0	0.0	0
43881	34974	0	0.0	0
39604	47292	0	0.0	0
43036	37977	0	0.0	0
37310	46692	0	0.0	0
45729	34588	0	0.0	0
50892	35708	0	0.0	0
42466	39409	0	0.0	0
45353	51758	0	0.0	0
36338	31700	0.142212286147	0.9025	0
47853	51958	0	0.0	0
43146	42504	0	0.0	0
40602	51733	0.379150327446	1.805	0
37043	38522	0	0.0	0
47351	36488	0	0.0	0
46744	33810	0	0.0	0
38808	51438	0	0.0	0
41542	40930	0.176263532485	0.9025	0
51569	34209	0	0.0	0
40816	33283	0	0.0	0
38729	32519	0	0.0	0
34400	45148	0	0.0	0
37821	30915	0	0.0	0
34092	49614	0	0.0	0
51652	40338	0	0.0	0
39371	32519	0	0.0	0
40401	35889	0	0.0	0
37771	51916	0	0.0	0
49389	33796	0	0.0	0
48846	43692	0	0.0	0
32777	46175	0	0.0	0
45921	46001	0	0.0	0
42753	32957	0	0.0	0
47335	50812	0	0.0	0
50444	32606	0.162029895037	0.9025	0
40576	40257	0	0.0	0
37819	46276	0.164046715872	0.9025	0
51417	39245	0	0.0	0
33557	47362	0.754468945013	4.5125	0
32202	38786	0	0.0	0
39366	38036	0	0.0	0
38957	51451	0	0.0	0
47597	32671	0	0.0	0
44591	47021	0	0.0	0
31926	39695	0	0.0	0
32671	47871	0	0.0	0
35125	42689	0	0.0	0
42973	42932	0	0.0	0
31674	45461	0	0.0	0
49580	38242	0	0.0	0
50305	31112	0	0.0	0
35669	45187	0	0.0	0
31916	40634	0	0.0	0
39567	40889	0	0.0	0
48987	38685	0	0.0	0
36318	36154	0	0.0	0
43590	40550	0	0.0	0
37671	50186	0	0.0	0
43413	33192	0	0.0	0
44663	47360	0	0.0	0
39733	49994	0	0.0	0
51559	46202	0	0.0	0
49099	35949	0	0.0	0
37501	44259	0	0.0	0
45267	39222	0	0.0	0
37503	37753	0	0.0	0
33938	51885	0	0.0	0
35153	34539	0	0.0	0
31445	42502	0	0.0	0
45223	34759	0	0.0	0
49483	42759	0	0.0	0
39461	42476	0.812955120176	4.5125	0
36380	51574	0	0.0	0
51377	50957	0	0.0	0
41851	40331	0	0.0	0
40709	39585	0	0.0	0
34505	48449	0	0.0	0
33577	41164	0	0.0	0
45269	31627	0	0.0	0
39348	51318	0	0.0	0
38448	35237	0	0.0	0
50565	37377	0	0.0	0
45693	35288	0	0.0	0
34088	47452	0	0.0	0
36053	43468	0	0.0	0
37528	49331	0	0.0	0
42481	51455	0	0.0	0
34290	32114	0	0.0	0
49452	45621	0	0.0	0
40358	34705	0	0.0	0
40924	35615	0	0.0	0
32393	36434	0	0.0	0
49425	44767	0	0.0	0
34635	46744	0	0.0	0
43552	36904	0	0.0	0
44971	50928	0.135269536008	0.9025	0
49322	42095	0	0.0	0
34109	39451	0	0.0	0
34815	35535	0	0.0	0
33992	32419	0	0.0	0
40027	47228	0	0.0	0
43646	44862	0	0.0	0
47140	46998	0	0.0	0
37323	36527	0	0.0	0
42421	49109	0	0.0	0
31524	44478	0	0.0	0
41493	36963	0	0.0	0
46375	38671	0	0.0	0
38128	51826	0	0.0	0
32620	33171	0	0.0	0
49595	39792	0	0.0	0
34391	48606	0	0.0	0
35686	33490	0	0.0	0
49362	45865	0	0.0	0
45594	47314	0	0.0	0
32790	47235	0	0.0	0
49197	40886	0	0.0	0
47502	36897	0	0.0	0
39178	48379	0	0.0	0
32122	50626	0	0.0	0
48217	49756	0	0.0	0
35197	31258	0	0.0	0
37744	35542	0	0.0	0
42158	32515	0	0.0	0
46630	44864	0	0.0	0
48091	38966	0.484543297256	2.7075	0
39142	33177	0	0.0	0
46429	40502	0	0.0	0
50406	49881	0	0.0	0
34226	40079	0	0.0	0
43534	41115	0	0.0	0
48810	32967	0	0.0	0
37208	34477	0	0.0	0
34219	33142	0	0.0	0
34525	41015	0	0.0	0
51095	50319	0	0.0	0
32470	44080	0.135269536008	0.9025	0
45699	48850	0	0.0	0
32979	35864	0	0.0	0
35240	43617	0	0.0	0
33066	41888	0	0.0	0
51263	48124	0	0.0	0
39906	47500	0	0.0	0
47928	51014	0	0.0	0
42552	39987	0	0.0	0
41000	48494	0	0.0	0
49472	51564	0.15105573138	0.9025	0
45042	45045	0	0.0	0
31528	42764	0	0.0	0
44674	36132	0	0.0	0
48896	31384	0	0.0	0
41979	33976	0.524898576274	2.7075	0
49245	49031	0	0.0	0
51598	38066	0	0.0	0
32561	36191	0	0.0	0
49534	39950	0	0.0	0
49063	38058	0	0.0	0
45854	36603	0	0.0	0
43698	50069	0	0.0	0
46399	40319	0	0.0	0
51725	42540	0	0.0	0
34311	51597	0	0.0	0
35760	43177	0	0.0	0
51142	37078	0	0.0	0
41579	50703	0	0.0	0
38918	33534	0	0.0	0
41626	49674	0	0.0	0
51429	46856	0	0.0	0
38424	33772	0	0.0	0
44319	49322	0	0.0	0
50620	32129	0	0.0	0
37272	39672	0	0.0	0
44746	46008	0	0.0	0
42926	34734	0	0.0	0
33689	40905	0	0.0	0
39700	40325	0	0.0	0
44166	48876	0	0.0	0
44435	44363	0	0.0	0
44834	34888	0	0.0	0
50512	41852	0	0.0	0
43914	36835	0	0.0	0
46339	50072	0.16154265727	0.9025	0
32105	35260	0	0.0	0
36767	49573	0	0.0	0
34648	35305	0	0.0	0
35974	51545	0.342286530063	1.805	0
42053	47527	0	0.0	0
37113	30858	0	0.0	0
35121	38547	0.324611102122	1.805	0
36875	36016	0	0.0	0
51246	40198	0	0.0	0
42826	41251	0	0.0	0
44244	32065	0	0.0	0
46987	49061	0	0.0	0
39100	33843	0	0.0	0
48538	46752	0	0.0	0
50071	42597	0	0.0	0
32710	40410	0	0.0	0
45660	35150	0	0.0	0
31549	41123	0	0.0	0
47858	47010	0	0.0	0
35914	41593	0	0.0	0
41903	31617	0	0.0	0
32337	33420	0	0.0	0
50332	50110	0.329136339209	1.805	0
35829	45199	0	0.0	0
39609	51255	0	0.0	0
44068	36140	0.144535923081	0.9025	0
50024	47118	0	0.0	0
33386	45585	0	0.0	0
31553	32340	0	0.0	0
33419	33886	0	0.0	0
41857	47213	0	0.0	0
51942	49892	0	0.0	0
40586	51769	0	0.0	0
40293	50751	0	0.0	0
35662	48575	0	0.0	0
48780	40448	0	0.0	0
32002	36269	0	0.0	0
32039	35130	0	0.0	0
45044	33421	0	0.0	0
39132	50337	0	0.0	0
40820	40206	0	0.0	0
41905	41165	0	0.0	0
36851	43660	0	0.0	0
49195	33205	0	0.0	0
42600	33238	0	0.0	0
48846	36514	0	0.0	0
47061	45055	0	0.0	0
39561	43249	0	0.0	0
41513	41673	0	0.0	0
43517	49354	0	0.0	0
40126	39269	0.180464255463	0.9025	0
48351	35561	0	0.0	0
32362	38862	0	0.0	0
31186	32146	0	0.0	0
50709	44809	0	0.0	0
51375	46583	0.135269536008	0.9025	0
50170	30973	0	0.0	0
34574	43891	0	0.0	0
51057	49739	0	0.0	0
45712	33291	0	0.0	0
44854	43427	0	0.0	0
35260	42924	0	0.0	0
51103	43347	0	0.0	0
44907	47481	0	0.0	0
51684	32707	0	0.0	0
41457	49780	0	0.0	0
49080	33006	0	0.0	0
50782	39995	0	0.0	0
50963	38533	0	0.0	0
47284	49309	0	0.0	0
50132	44012	0	0.0	0
42121	48864	0	0.0	0
42370	48059	0	0.0	0
38827	49738	0	0.0	0
46027	37503	0	0.0	0
41928	48513	0	0.0	0
42822	35407	0	0.0	0
35732	38143	0	0.0	0
50343	33081	0	0.0	0
31195	46863	0	0.0	0
51304	45130	0	0.0	0
47006	49085	0	0.0	0
33657	47119	0	0.0	0
33055	38725	0	0.0	0
37912	48780	0	0.0	0
40584	46383	0	0.0	0
44739	47537	0	0.0	0
34371	39344	0	0.0	0
35409	32858	0	0.0	0
50443	39733	0	0.0	0
38888	45625	0	0.0	0
46675	44638	0	0.0	0
50277	38359	0	0.0	0
35073	43167	0	0.0	0
40616	37847	0	0.0	0
51308	41797	0	0.0	0
47427	48057	0	0.0	0
33936	36929	0	0.0	0
41136	45192	0	0.0	0
42050	50356	0.135269536008	0.9025	0
40592	44404	0	0.0	0
41450	50809	0	0.0	0
45566	48650	0	0.0	0
39631	38278	0	0.0	0
41982	50772	0	0.0	0
39154	44479	0	0.0	0
39709	45801	0	0.0	0
35387	51678	0	0.0	0
41699	42355	0	0.0	0
34671	39656	0	0.0	0
31942	32224	0	0.0	0
32833	49764	0	0.0	0
48770	48846	0	0.0	0
34100	40520	0	0.0	0
48861	51579	0	0.0	0
42342	31216	0	0.0	0
45431	46501	0	0.0	0
49529	48450	0	0.0	0
50220	31745	0	0.0	0
43420	47556	0	0.0	0
43691	39726	0	0.0	0
38157	46058	0	0.0	0
48155	45324	0	0.0	0
40033	51004	0.143927613351	0.9025	0
50924	51473	0	0.0	0
41832	47894	0	0.0	0
50448	39640	0	0.0	0
39414	34284	0	0.0	0
39783	31631	0	0.0	0
38044	36939	0	0.0	0
38349	34448	0	0.0	0
40268	49694	0	0.0	0
41499	47315	0	0.0	0
50573	37454	0	0.0	0
51514	43637	0	0.0	0
33460	45166	0	0.0	0
49599	37556	0	0.0	0
43089	49977	0	0.0	0
39538	35898	0	0.0	0
35484	48293	0	0.0	0
49220	45196	0	0.0	0
48068	30900	0	0.0	0
45071	31051	0	0.0	0
49627	31354	0	0.0	0
42663	41628	0	0.0	0
35338	49121	0	0.0	0
41202	35067	0	0.0	0
35441	49709	0	0.0	0
37564	50474	0	0.0	0
37908	40400	0	0.0	0
32972	44809	0	0.0	0
32454	45212	0	0.0	0
33618	44127	0	0.0	0
31725	32180	0	0.0	0
31082	34061	0	0.0	0
47939	33953	0	0.0	0
45704	34125	0	0.0	0
42172	36998	0	0.0	0
50421	31270	0.528999793278	2.7075	0
50967	50066	0	0.0	0
35047	38331	0	0.0	0
37916	42766	0	0.0	0
32837	47740	0	0.0	0
42176	42791	0	0.0	0
44572	35915	0	0.0	0
32290	49756	0	0.0	0
40292	46848	0	0.0	0
38159	34772	0	0.0	0
40217	44560	0	0.0	0
44289	46886	0	0.0	0
41897	51143	0	0.0	0
33622	39729	0	0.0	0
37472	41270	0	0.0	0
40735	35333	0	0.0	0
50543	34317	0	0.0	0
41218	47968	0	0.0	0
40012	41424	0	0.0	0
32504	34852	0	0.0	0
34639	43235	0	0.0	0
37213	36157	0	0.0	0
34739	41690	0	0.0	0
49950	46000	0	0.0	0
31636	36567	0	0.0	0
34558	46941	0	0.0	0
39855	30839	0.157940410302	0.9025	0
37335	48055	0	0.0	0
49694	39973	0	0.0	0
36445	47898	0	0.0	0
38467	32251	0	0.0	0
48629	41202	0	0.0	0
35185	40240	0.317677788384	1.805	0
36972	37809	0.499751485128	2.7075	0
43022	33200	0	0.0	0
42426	50313	0.142212286147	0.9025	0
42521	38853	0.145691818802	0.9025	0
32576	46129	0	0.0	0
45122	31584	0	0.0	0
49810	44825	0	0.0	0
42415	34745	0	0.0	0
41280	48726	0	0.0	0
46545	41069	0	0.0	0
42245	42240	0	0.0	0
40360	49869	0	0.0	0
33087	51184	0	0.0	0
33514	41910	0	0.0	0
48628	41701	0	0.0	0
46366	35907	0	0.0	0
41607	51547	0.479164297095	2.7075	0
48887	41824	0	0.0	0
34259	37993	0	0.0	0
35741	33108	0	0.0	0
46328	43665	0	0.0	0
46501	46833	0	0.0	0
33085	39482	0	0.0	0
47037	37196	0	0.0	0
50577	35082	0	0.0	0
48843	34209	0	0.0	0
35590	42817	0.167184542766	0.9025	0
36901	46596	0	0.0	0
51522	39579	0	0.0	0
45586	47617	0	0.0	0
31178	34437	0	0.0	0
47312	45147	0	0.0	0
47605	48184	0	0.0	0
31720	47347	0	0.0	0
49176	51071	0	0.0	0
34727	49061	0	0.0	0
46049	41552	0	0.0	0
39890	31460	0	0.0	0
41625	39607	0	0.0	0
35262	44145	0	0.0	0
43945	43893	0.382806197628	1.805	0
43686	49425	0	0.0	0
46229	44025	0	0.0	0
49138	44470	0	0.0	0
46135	39969	0	0.0	0
40652	41212	0	0.0	0
43980	33054	0	0.0	0
49654	32302	0	0.0	0
47760	33853	0	0.0	0
34591	42681	0	0.0	0
39403	42920	0	0.0	0
38600	30987	0.581256325231	2.7075	0
40373	42026	0	0.0	0
47008	50823	0	0.0	0
47631	51617	0	0.0	0
31305	35181	0	0.0	0
37383	33964	0	0.0	0
37221	36205	0	0.0	0
44288	31606	0	0.0	0
42445	34955	0	0.0	0
47025	45516	0	0.0	0
40767	45906	0	0.0	0
44094	41751	0	0.0	0
41023	38958	0	0.0	0
51665	43515	0	0.0	0
50265	46394	0	0.0	0
48403	33173	0	0.0	0
34940	44210	0	0.0	0
46338	35327	0.51389834237	0.9025	0
45961	48184	0	0.0	0
37290	46414	0.146463723447	0.9025	0
40930	51143	0	0.0	0
44850	43522	0	0.0	0
32627	47477	0	0.0	0
39661	42729	0	0.0	0
42986	41015	0	0.0	0
43957	31425	0	0.0	0
41211	33448	0	0.0	0
31207	34569	0.923218228748	5.415	0
36887	45736	0	0.0	0
31399	46277	0	0.0	0
32500	35003	0	0.0	0
31719	48914	0	0.0	0
35353	37573	0	0.0	0
50527	45948	0	0.0	0
47055	44930	0	0.0	0
50679	42281	0	0.0	0
41656	32397	0	0.0	0
48962	34568	0	0.0	0
31413	43793	3.52805843013	18.9525	0
36190	37486	0	0.0	0
43214	47580	0	0.0	0
35959	35553	0	0.0	0
39964	45511	0	0.0	0
47068	46765	0	0.0	0
40276	45194	0	0.0	0
34168	48893	0	0.0	0
42843	46329	0	0.0	0
42372	38800	0	0.0	0
51739	51247	0	0.0	0
31718	32905	0	0.0	0
31171	45955	0	0.0	0
47948	39091	0	0.0	0
39672	43454	0	0.0	0
47321	35548	0	0.0	0
35682	48200	0	0.0	0
41480	49069	0	0.0	0
40466	41381	0	0.0	0
51660	45098	0	0.0	0
50177	43810	0	0.0	0
50436	43310	0	0.0	0
42496	47463	0	0.0	0
39665	41228	0	0.0	0
36918	47160	0	0.0	0
37949	47555	0	0.0	0
42610	32825	0	0.0	0
45491	37697	0	0.0	0
45557	49191	0	0.0	0
46278	46432	0	0.0	0
36242	42045	1.565390089	8.1225	0
41047	38297	0	0.0	0
34730	30980	0	0.0	0
48910	38012	0	0.0	0
31595	39337	0	0.0	0
48788	45272	0	0.0	0
34390	41967	0	0.0	0
40855	40480	0	0.0	0
46960	45003	0	0.0	0
42637	50049	0	0.0	0
32784	49624	0	0.0	0
47484	49874	0.135269536008	0.9025	0
45057	43292	0	0.0	0
40490	42517	0	0.0	0
50224	48331	0	0.0	0
46539	33788	0	0.0	0
37020	31292	2.38424737229	12.635	0
32656	44196	0	0.0	0
47688	40173	0	0.0	0
33069	34839	0	0.0	0
36916	50591	0	0.0	0
37406	49108	0	0.0	0
41687	32698	0	0.0	0
42325	40021	0	0.0	0
50279	35267	0	0.0	0
51097	43776	0	0.0	0
39673	51704	0.242298870525	0.9025	0
38303	41026	0	0.0	0
42093	50069	0	0.0	0
51314	39347	0	0.0	0
34158	50858	0	0.0	0
38221	47368	0	0.0	0
33243	36807	0	0.0	0
33713	44423	0	0.0	0
51902	47871	0	0.0	0
44558	38144	0	0.0	0
46467	46063	0	0.0	0
48101	32967	0	0.0	0
49959	40765	0	0.0	0
41903	39208	0	0.0	0
42002	40452	0	0.0	0
49756	43250	0	0.0	0
51665	38646	0	0.0	0
31507	36198	0	0.0	0
51916	38009	0	0.0	0
45959	50324	0.20480044365	0.9025	0
34731	46798	0	0.0	0
51252	34274	0	0.0	0
37665	44201	0	0.0	0
45444	35364	0	0.0	0
37413	41179	0	0.0	0
39250	49551	0	0.0	0
31084	40999	0	0.0	0
34011	43420	0	0.0	0
44984	43299	0	0.0	0
46485	38731	0	0.0	0
38930	34400	0	0.0	0
51346	37493	0	0.0	0
33788	47445	0	0.0	0
37762	31561	0	0.0	0
32951	40285	0	0.0	0
36606	41254	0	0.0	0
48429	47163	0	0.0	0
40007	49562	0	0.0	0
51200	36502	0	0.0	0
42373	42397	0	0.0	0
33822	46761	0	0.0	0
48253	33071	0	0.0	0
31447	49628	0	0.0	0
34169	38312	0	0.0	0
46654	34035	0.14660375959	0.9025	0
41415	45187	0	0.0	0
48466	49578	0	0.0	0
51118	42518	0	0.0	0
33617	48941	0	0.0	0
31114	49612	0	0.0	0
32049	43618	0	0.0	0
32390	41899	0	0.0	0
35584	47163	0	0.0	0
34802	48653	0	0.0	0
50345	41199	0	0.0	0
45974	51610	0	0.0	0
34865	32495	0	0.0	0
38407	35726	0	0.0	0
36834	34618	0	0.0	0
41701	38553	0	0.0	0
51843	46522	0	0.0	0
40169	35827	0	0.0	0
41960	43885	0	0.0	0
49952	50533	0	0.0	0
51566	48994	0	0.0	0
33869	47143	0	0.0	0
32730	34603	0	0.0	0
40539	36240	0	0.0	0
31994	50468	0	0.0	0
38027	40373	0.157588607846	0.9025	0
50096	36598	0	0.0	0
43182	48986	0	0.0	0
37332	45256	0	0.0	0
47739	31204	0	0.0	0
47939	47211	0	0.0	0
36941	45366	0	0.0	0
51002	37448	0.325325030547	1.805	0
38239	48336	0	0.0	0
35666	43902	0	0.0	0
45173	36218	0	0.0	0
33941	33827	0	0.0	0
37310	51724	0	0.0	0
31921	31152	0	0.0	0
42701	39071	0	0.0	0
44218	50478	0	0.0	0
43621	42807	0.135269536008	0.9025	0
51646	41177	0	0.0	0
31488	37696	0	0.0	0
40343	50993	0	0.0	0
43679	50562	0	0.0	0
40800	51039	0	0.0	0
50515	36805	0	0.0	0
48117	51677	0	0.0	0
43957	51124	0	0.0	0
40556	48726	0.861220910113	4.5125	0
38766	39172	0	0.0	0
51541	47606	0	0.0	0
47776	43672	0	0.0	0
35421	37426	0	0.0	0
31209	45256	0.142212286147	0.9025	0
34859	49220	0	0.0	0
34048	51663	0	0.0	0
45601	38844	0	0.0	0
51476	45325	0	0.0	0
50464	43428	0	0.0	0
37344	46296	0	0.0	0
46411	43652	0	0.0	0
44081	42244	0	0.0	0
40592	47079	0	0.0	0
50164	44473	0	0.0	0
32418	34822	0	0.0	0
41463	32980	0	0.0	0
43522	46014	0.135269536008	0.9025	0
44320	31857	0	0.0	0
45977	33505	0	0.0	0
39001	39924	0	0.0	0
50655	46832	0	0.0	0
37340	39651	0	0.0	0
48598	47003	0	0.0	0
37096	50485	0	0.0	0
51585	48968	0	0.0	0
51093	38768	0	0.0	0
33901	47028	0	0.0	0
41117	48033	0	0.0	0
50972	43439	0	0.0	0
47210	34324	0	0.0	0
38203	45606	0	0.0	0
36288	47997	0	0.0	0
51233	49575	0	0.0	0
34141	49487	0	0.0	0
45438	37469	0	0.0	0
43889	43892	0	0.0	0
47326	42528	0	0.0	0
40095	45021	0	0.0	0
48084	46790	0	0.0	0
40598	47316	0.156122456295	0.9025	0
48095	44093	0	0.0	0
32657	48618	0	0.0	0
48969	46224	0	0.0	0
30878	47872	0	0.0	0
38382	39243	0	0.0	0
33702	42785	0	0.0	0
35555	41734	0	0.0	0
46782	50057	0	0.0	0
32083	36775	0	0.0	0
35395	44903	0	0.0	0
37858	47708	0	0.0	0
41814	51107	0	0.0	0
40279	48375	0	0.0	0
44136	39508	0	0.0	0
42744	40083	0.145691818802	0.9025	0
41437	37374	0	0.0	0
31809	31891	0	0.0	0
48510	43525	0	0.0	0
42708	32898	0	0.0	0
32357	37875	0	0.0	0
35830	39280	0	0.0	0
35254	51778	0	0.0	0
46127	33778	0	0.0	0
37268	39384	0	0.0	0
50187	41484	0	0.0	0
43961	51821	0	0.0	0
33243	36878	0	0.0	0
34268	38870	0	0.0	0
51081	34041	0	0.0	0
32286	37170	0	0.0	0
51701	41982	0	0.0	0
34215	50346	0	0.0	0
31603	50624	0	0.0	0
38829	38343	0	0.0	0
40032	31576	0	0.0	0
41542	45295	0	0.0	0
43174	38662	0	0.0	0
40775	47291	0	0.0	0
49067	48717	0	0.0	0
38922	34506	0	0.0	0
47854	43692	0	0.0	0
39520	43528	0	0.0	0
50039	51520	0	0.0	0
35571	40233	0	0.0	0
45412	34526	0	0.0	0
39006	46036	0	0.0	0
48245	35691	0	0.0	0
40331	38503	0	0.0	0
48445	45311	0	0.0	0
37992	37851	0	0.0	0
45945	36018	0	0.0	0
31823	50765	0	0.0	0
45377	48720	0	0.0	0
42452	40570	0	0.0	0
39970	38186	0	0.0	0
35391	46547	0	0.0	0
42677	30872	0	0.0	0
51409	31564	0	0.0	0
34644	43915	0	0.0	0
45253	30915	0	0.0	0
33718	50995	0	0.0	0
44932	39053	0	0.0	0
46324	47122	0	0.0	0
43119	47303	0	0.0	0
44508	41979	0	0.0	0
32655	39940	0	0.0	0
38569	47633	0	0.0	0
48810	45080	0	0.0	0
39369	45747	0.420304135005	1.805	0
36710	46724	0.349106202199	1.805	0
42569	35819	0	0.0	0
33598	43190	0	0.0	0
36895	34353	0	0.0	0
33677	42115	0	0.0	0
48536	31162	0	0.0	0
50012	40417	0	0.0	0
31416	35148	0	0.0	0
32174	47834	0	0.0	0
35421	40602	0	0.0	0
50978	36953	0	0.0	0
50887	44472	0	0.0	0
48037	41831	0	0.0	0
40601	44309	0	0.0	0
51752	49559	0	0.0	0
47408	42671	0	0.0	0
51135	51817	0	0.0	0
47847	37339	0	0.0	0
43399	35694	0	0.0	0
37635	51289	0	0.0	0
32620	43970	0	0.0	0
31002	41531	0	0.0	0
46057	37838	0	0.0	0
31699	41323	0	0.0	0
47607	31001	0	0.0	0
39700	50460	0	0.0	0
36282	51808	0	0.0	0
46972	38246	0	0.0	0
41526	50212	0	0.0	0
35164	51812	0	0.0	0
33197	37000	0	0.0	0
38110	44015	0	0.0	0
35414	32665	0	0.0	0
45972	43729	0	0.0	0
39525	45044	0	0.0	0
49094	49377	0	0.0	0
46557	31615	0	0.0	0
35640	37864	0	0.0	0
41851	51582	0	0.0	0
31963	33915	0	0.0	0
46644	36604	0	0.0	0
48252	39323	0	0.0	0
37164	32694	0	0.0	0
41537	35188	0	0.0	0
32495	32285	0	0.0	0
40492	32413	0	0.0	0
47707	41027	0	0.0	0
47961	30955	0	0.0	0
46333	40010	0	0.0	0
48394	49810	0	0.0	0
36979	48493	0	0.0	0
34690	43779	0	0.0	0
35371	46923	0.136032985442	0.9025	0
47466	51672	0	0.0	0
51898	40972	0	0.0	0
35448	33976	0.135269536008	0.9025	0
38961	42620	0	0.0	0
42733	37578	0	0.0	0
44890	33561	0	0.0	0
47135	42950	0	0.0	0
36821	34195	0	0.0	0
41974	41351	0	0.0	0
36416	42613	0	0.0	0
48764	41026	0	0.0	0
33706	49009	0	0.0	0
51671	36775	0	0.0	0
35067	48096	0	0.0	0
38288	33868	0	0.0	0
32847	49568	0	0.0	0
49671	41094	0.213577952324	0.9025	0
50514	36187	0	0.0	0
40749	46453	0	0.0	0
34072	32026	0	0.0	0
44041	44231	0	0.0	0
43368	41124	0	0.0	0
51446	50214	0	0.0	0
36945	42125	0	0.0	0
49247	36094	0.362533426982	1.805	0
46660	50425	0	0.0	0
49819	38182	0	0.0	0
41301	46104	0	0.0	0
46540	44584	0	0.0	0
46444	39100	0	0.0	0
30933	42412	0	0.0	0
41932	40570	0	0.0	0
32517	50897	0	0.0	0
46373	49976	0	0.0	0
38591	40891	0	0.0	0
43566	43496	0	0.0	0
48486	36239	0	0.0	0
50099	48198	0	0.0	0
47191	33232	0	0.0	0
44386	36829	0	0.0	0
46189	50637	0	0.0	0
45202	34125	0	0.0	0
51419	41839	0	0.0	0
38356	45771	0	0.0	0
34078	35596	0	0.0	0
43985	48968	0	0.0	0
46352	43217	0	0.0	0
41132	32052	0	0.0	0
41140	37623	0	0.0	0
34097	43797	0.154614499275	0.9025	0
35588	31195	0	0.0	0
49013	50639	0	0.0	0
37342	50822	0	0.0	0
38169	40280	0	0.0	0
48479	47795	0	0.0	0
39362	43269	0	0.0	0
32530	47218	0	0.0	0
42114	48915	0	0.0	0
30972	32624	0	0.0	0
37692	40924	0	0.0	0
36094	35612	0.228204911419	0.9025	0
51261	34868	0	0.0	0
39036	35253	0	0.0	0
45450	38519	0	0.0	0
44344	34968	0	0.0	0
32142	42956	0	0.0	0
42093	51648	0	0.0	0
51813	47714	0	0.0	0
44301	38427	0	0.0	0
38640	41231	0	0.0	0
36756	42589	0	0.0	0
35376	42659	0	0.0	0
38847	51700	0	0.0	0
44549	38675	0	0.0	0
51780	36951	0	0.0	0
42979	45025	0	0.0	0
38877	49201	0.14660375959	0.9025	0
40137	45356	0.142212286147	0.9025	0
31732	43694	0	0.0	0
51181	33902	0	0.0	0
51673	46521	0	0.0	0
36092	50633	0	0.0	0
48422	40852	0	0.0	0
36619	32580	0	0.0	0
40015	48550	0	0.0	0
50466	39160	0	0.0	0
38882	47494	0	0.0	0
35266	45049	0	0.0	0
50087	50800	0	0.0	0
36941	38976	1.20114443989	6.3175	0
43872	40894	0	0.0	0
45923	49318	0	0.0	0
38178	30904	0	0.0	0
45195	43318	0	0.0	0
38357	33463	0	0.0	0
33266	42171	0	0.0	0
44853	48598	0	0.0	0
45675	38537	0	0.0	0
50865	45231	0	0.0	0
41133	35160	0	0.0	0
45757	41513	0	0.0	0
41920	47936	0	0.0	0
31960	38417	0	0.0	0
33204	49206	0	0.0	0
46990	36121	0	0.0	0
48083	45090	0	0.0	0
51926	46037	0	0.0	0
39983	40279	0	0.0	0
36439	40629	0	0.0	0
45823	47847	0	0.0	0
35112	48507	0	0.0	0
35753	49187	0	0.0	0
44698	39999	0	0.0	0
39768	50985	0	0.0	0
46285	41880	0	0.0	0
51952	39556	0	0.0	0
46717	33688	0	0.0	0
35051	36725	0.156122456295	0.9025	0
46703	47380	0	0.0	0
50000	33484	0	0.0	0
44257	34726	0	0.0	0
50116	38940	0	0.0	0
44148	49450	0	0.0	0
42305	41879	0	0.0	0
42578	38685	0	0.0	0
50716	39818	0.169494474237	0.9025	0
46816	41345	0	0.0	0
48459	41014	0	0.0	0
40201	33072	0	0.0	0
50571	45958	0	0.0	0
48655	32775	0	0.0	0
43267	36288	0	0.0	0
50579	43305	0	0.0	0
37917	42713	0	0.0	0
37140	32716	0	0.0	0
50826	51370	0	0.0	0
42330	41285	0	0.0	0
39155	39109	0	0.0	0
34347	50303	0	0.0	0
32159	51794	0	0.0	0
34309	51915	0	0.0	0
40406	39807	0	0.0	0
41459	39994	0	0.0	0
48288	37001	0	0.0	0
43855	36328	0	0.0	0
50698	45474	0	0.0	0
46400	45868	0	0.0	0
36598	34885	0	0.0	0
40159	51000	0	0.0	0
35780	37139	0	0.0	0
38536	41406	0	0.0	0
47772	33371	0.136032985442	0.9025	0
34128	48035	0	0.0	0
38270	44857	0	0.0	0
38292	35918	0	0.0	0
42047	42131	0	0.0	0
47794	34616	0	0.0	0
42398	40853	0	0.0	0
41106	48695	0	0.0	0
51123	51559	0	0.0	0
32136	40393	0	0.0	0
50755	33119	0	0.0	0
41913	39053	0	0.0	0
36456	39926	0	0.0	0
34395	43765	0	0.0	0
31587	31217	0	0.0	0
39184	31036	0	0.0	0
44994	38662	0	0.0	0
46446	32480	0	0.0	0
38667	37860	0	0.0	0
40595	41382	0	0.0	0
32531	37971	0	0.0	0
37355	41998	0	0.0	0
48373	47522	0.543451032321	2.7075	0
45601	49249	0.135269536008	0.9025	0
46270	38126	0	0.0	0
36704	51420	0	0.0	0
37747	49403	0	0.0	0
48683	34765	0	0.0	0
50090	36494	0	0.0	0
49991	36551	0	0.0	0
43422	33265	0	0.0	0
45861	32010	0	0.0	0
39845	36000	0	0.0	0
36996	40566	0	0.0	0
34927	45412	0	0.0	0
33355	48973	0	0.0	0
46749	43687	0	0.0	0
38095	35853	0	0.0	0
39752	31181	0	0.0	0
43456	49183	0	0.0	0
47016	32341	0	0.0	0
44960	45808	0	0.0	0
47577	50509	0	0.0	0
38919	40735	0	0.0	0
51464	42800	0	0.0	0
38034	51426	0	0.0	0
41535	43265	0	0.0	0
49535	37204	0	0.0	0
34094	46044	0	0.0	0
51914	51370	0	0.0	0
51511	42848	0	0.0	0
46244	42491	0	0.0	0
38357	49026	0.156122456295	0.9025	0
36201	35384	0	0.0	0
48952	35419	0	0.0	0
38746	49168	0	0.0	0
38870	34535	0	0.0	0
50047	33681	0	0.0	0
40879	46486	0	0.0	0
36272	38635	0	0.0	0
32292	36865	0	0.0	0
